"Age","Age",13613,87.15,
"AttendedBootcamp","Attended Bootcamp",15380,98.46,
"BootcampFinish","Finished Bootcamp",933,5.97,
"BootcampFullJobAfter","Post-Bootcamp Fulltime Job",635,4.07,
"BootcampLoanYesNo","Bootcamp Loan",934,5.98,
"BootcampMonthsAgo","Bootcamp Months Ago",631,4.04,
"BootcampName","Bootcamp Name",895,5.73,
"BootcampPostSalary","Post-Bootcamp Salary",330,2.11,
"BootcampRecommend","Would Recommend Bootcamp",937,6.00,
"ChildrenNumber","Number of Children",2554,16.35,
"CityPopulation","City Population",13630,87.26,
"CodeEventBootcamp","Bootcamp",42,0.27,"InPersonCodingEvents"
"CodeEventCoffee","Coffee and Code",2077,13.30,"InPersonCodingEvents"
"CodeEventConferences","Conferences",2898,18.55,"InPersonCodingEvents"
"CodeEventDjangoGirls","Django Girls",18,0.12,"InPersonCodingEvents"
"CodeEventGameJam","Game Jam",22,0.14,"InPersonCodingEvents"
"CodeEventGirlDev","Girl Develop It",558,3.57,"InPersonCodingEvents"
"CodeEventHackathons","Hackathons",2422,15.51,"InPersonCodingEvents"
"CodeEventMeetup","Meetup",313,2.00,"InPersonCodingEvents"
"CodeEventNodeSchool","Node School",480,3.07,"InPersonCodingEvents"
"CodeEventNone","None",8900,56.98,"InPersonCodingEvents"
"CodeEventOther","Other",919,5.88,"InPersonCodingEvents"
"CodeEventRailsBridge","RailsBridge",255,1.63,"InPersonCodingEvents"
"CodeEventRailsGirls","Rails Girls",14,0.09,"InPersonCodingEvents"
"CodeEventStartUpWknd","Startup Weekend",743,4.76,"InPersonCodingEvents"
"CodeEventWomenCode","Women Who Code",711,4.55,"InPersonCodingEvents"
"CodeEventWorkshop","Workshop",23,0.15,"InPersonCodingEvents"
"CommuteTime","Commute Time",8339,53.39,
"CountryCitizen","Country of Origin",13654,87.41,
"CountryLive","Country of Residence",13610,87.13,
"EmploymentField","Employment Field",7608,48.71,
"EmploymentFieldOther","Employment Field (Other)",1055,6.75,
"EmploymentStatus","Employment Status",12904,82.61,
"EmploymentStatusOther","Employment Status (Otehr)",681,4.36,
"ExpectedEarning","Expected Earning",6077,38.91,
"FinanciallySupporting","Has Dependents",3996,25.58,
"Gender","Gender",13746,88.00,
"HasChildren","Has Children",4012,25.69,
"HasDebt","Has Debt",13610,87.13,
"HasFinancialDependents","Has Financial Dependents",13640,87.32,
"HasHighSpdInternet","High-Speed Internet",13625,87.23,
"HasHomeMortgage","Home Mortgage",6371,40.79,
"HasServedInMilitary","Served in Military",13550,86.75,
"HasStudentDebt","Has Student Debt",6371,40.79,
"HomeMortgageOwe","Mortgage Owed",1501,9.61,
"HoursLearning","Hours Per Week Learning",14942,95.66,
"IDx","ID x",15620,100.00,
"IDy","ID y",13928,89.17,
"Income","Income",7329,46.92,
"IsEthnicMinority","Is Minority",13645,87.36,
"IsReceiveDiabilitiesBenefits","Receives Disability Benefits",13530,86.62,
"IsSoftwareDev","Working as a Software Developer",15537,99.47,
"IsUnderEmployed","Underemployed",8645,55.35,
"JobApplyWhen","Plan to Apply for Job When",6747,43.19,
"JobPref","Preferred Employer",11189,71.63,
"JobRelocateYesNo","Will Relocate For Job",5487,35.13,
"JobRoleInterest","Job Role Interested In",6503,41.63,
"JobRoleInterestOther","Job Role Interested In (Other)",199,1.27,
"JobWherePref","Preferred Work Location",6739,43.14,
"LanguageAtHome","Primary Language",13582,86.95,
"MaritalStatus","Married",4010,25.67,
"MoneyForLearning","Money Spent on Learning",14679,93.98,
"MonthsProgramming","Months Programming Experience",15014,96.12,
"NetworkID","Network ID",15620,100.00,
"Part1EndTime","Part 1 End Time",15620,100.00,
"Part1StartTime","Part 1 Start Time",15620,100.00,
"Part2EndTime","Part 2 End Time",13928,89.17,
"Part2StartTime","Part 2 Start Time",13928,89.17,
"PodcastChangeLog","The Changelog",583,3.73,"Podcasts"
"PodcastCodeNewbie","CodeNewbie",1878,12.02,"Podcasts"
"PodcastCodingBlocks","Coding Blocks",16,0.10,"Podcasts"
"PodcastDeveloperTea","Developer Tea",80,0.51,"Podcasts"
"PodcastDotNetRocks",".NET Rocks!",18,0.12,"Podcasts"
"PodcastHanselminutes","Hanselminutes",19,0.12,"Podcasts"
"PodcastJSJabber","JavaScript Jabber",1356,8.68,"Podcasts"
"PodcastJsAir","JavaScript Air",29,0.19,"Podcasts"
"PodcastNone","None",11040,70.68,"Podcasts"
"PodcastOther","Other",850,5.44,"Podcasts"
"PodcastProgrammingThrowDown","Programming Throwdown",34,0.22,"Podcasts"
"PodcastRubyRogues","Ruby Rogues",79,0.51,"Podcasts"
"PodcastSEDaily","Software Engineering Daily",775,4.96,"Podcasts"
"PodcastShopTalk","ShopTalk",83,0.53,"Podcasts"
"PodcastTalkPython","Talk Python To Me",41,0.26,"Podcasts"
"PodcastWebAhead","The Web Ahead",15,0.10,"Podcasts"
"ResourceBlogs","Blogs",30,0.19,"Resources"
"ResourceBooks","Books",144,0.92,"Resources"
"ResourceCodeWars","Code Wars",1563,10.01,"Resources"
"ResourceCodecademy","CodeAcademy",9586,61.37,"Resources"
"ResourceCoursera","Coursera",4844,31.01,"Resources"
"ResourceDevTips","DevTips",968,6.20,"Resources"
"ResourceEdX","EdX",3472,22.23,"Resources"
"ResourceEggHead","Egghead",29,0.19,"Resources"
"ResourceFCC","Free Code Camp",10937,70.02,"Resources"
"ResourceGoogle","Google",55,0.35,"Resources"
"ResourceHackerRank","HackerRank",30,0.19,"Resources"
"ResourceKhanAcademy","Khan Academy",3746,23.98,"Resources"
"ResourceLynda","Lynda",150,0.96,"Resources"
"ResourceMDN","Mozilla Developer Network",26,0.17,"Resources"
"ResourceOdinProj","The Odin Project",1687,10.80,"Resources"
"ResourceOther","Other",2091,13.39,"Resources"
"ResourceReddit","Reddit",29,0.19,"Resources"
"ResourcePluralSight","Pluralsight",3565,22.82,"Resources"
"ResourceSkillCrush","Skill crush",36,0.23,"Resources"
"ResourceSoloLearn","Myself",30,0.19,"Resources"
"ResourceStackOverflow","Stack Overflow",191,1.22,"Resources"
"ResourceTreehouse","Treehouse",422,2.70,"Resources"
"ResourceUdacity","Audacity",3306,21.17,"Resources"
"ResourceUdemy","Udemy",4130,26.44,"Resources"
"ResourceW3Schools","W3Schools",121,0.77,"Resources"
"ResourceYouTube","YouTube",121,0.77,"Resources"
"SchoolDegree","Degree Earned",13679,87.57,
"SchoolMajor","Major",8450,54.10,
"StudentDebtOwe","Student Debt",3514,22.50,